scenario_key,block,search_width,n_cal,n_final,tau,rho,regime,signal,transfer,replications,selected_signal_candidate_mean,absolute_selection_optimism_mean,calibration_to_confirmation_gap_mean,sign_reversal_mean,naive_reject_mean,holm_reject_mean,external_reject_mean,cal_ci_cover_mean,final_ci_cover_mean,selected_signal_candidate_mcse,absolute_selection_optimism_mcse,calibration_to_confirmation_gap_mcse,sign_reversal_mcse,naive_reject_mcse,holm_reject_mcse,external_reject_mcse,cal_ci_cover_mcse,final_ci_cover_mcse
main_factorial__m12__c26__f16__tau0.005__rho0.5__attenuated_sparse_signal,main_factorial,12,26,16,0.005,0.5,attenuated_sparse_signal,0.005,0.5,2000,0.9905,7.209640264373306e-05,0.002523741726731027,0.0235,0.9995,0.97,0.604,0.9445,0.951,0.0021696148539100545,2.2311080077670982e-05,3.5070957836434084e-05,0.0033881580257425544,0.0004999999999999999,0.0038154001938616715,0.01093854770584087,0.005120838456077932,0.0048281627538628875
main_factorial__m12__c26__f16__tau0.005__rho0.5__global_null,main_factorial,12,26,16,0.005,0.5,global_null,0.0,1.0,2000,0.0795,0.0016944281332180564,0.0017043441042215932,0.4945,0.3265,0.0375,0.0375,0.6735,0.9595,0.006050469328039334,1.194277449291713e-05,3.039076183588266e-05,0.011182459420867562,0.010488273305862562,0.004249223805764504,0.0042492238057645,0.010488273305862559,0.00440903558586214
main_factorial__m12__c26__f16__tau0.005__rho0.5__stable_sparse_signal,main_factorial,12,26,16,0.005,0.5,stable_sparse_signal,0.005,1.0,2000,0.989,6.8463828495276e-05,5.9740168821820415e-05,0.006,0.9995,0.9635,0.9725,0.9525,0.949,0.0023328568559933703,2.2229873880424133e-05,3.593772868160349e-05,0.0017272787111155333,0.0005000000000000001,0.0041943618508263935,0.0036576719757437353,0.004757435401116643,0.004920529016569403
main_factorial__m12__c26__f16__tau0.005__rho0__attenuated_sparse_signal,main_factorial,12,26,16,0.005,0.0,attenuated_sparse_signal,0.005,0.5,2000,0.99,6.188466182741879e-05,0.0025556981341079556,0.0265,0.998,0.968,0.5915,0.939,0.949,0.0022254159696827596,2.280974894422932e-05,3.5794217024422166e-05,0.0035923985947875978,0.0009992493430694932,0.0039364638794147444,0.010994285431808573,0.005352926948264542,0.004920529016569398
main_factorial__m12__c26__f16__tau0.005__rho0__global_null,main_factorial,12,26,16,0.005,0.0,global_null,0.0,1.0,2000,0.081,0.0018755849887250224,0.0019119661469644044,0.5015,0.464,0.049,0.045,0.536,0.9505,0.006102304405675748,1.1545450165479756e-05,3.00360703996525e-05,0.011183085696839292,0.011154111668059975,0.00482816275386289,0.004636620442149892,0.01115411166805998,0.004851457855290594
main_factorial__m12__c26__f16__tau0.005__rho0__stable_sparse_signal,main_factorial,12,26,16,0.005,0.0,stable_sparse_signal,0.005,1.0,2000,0.991,6.032389555791831e-05,3.857578136468991e-05,0.003,0.9985,0.9695,0.9755,0.95,0.9435,0.0021122809627113336,2.191365733609622e-05,3.518785414129402e-05,0.001223212215464689,0.0008655920660521372,0.003846072169833502,0.0034577236625362713,0.004874615978769016,0.005164030267562555
main_factorial__m12__c26__f16__tau0.015__rho0.5__attenuated_sparse_signal,main_factorial,12,26,16,0.015,0.5,attenuated_sparse_signal,0.005,0.5,2000,0.495,0.0036867398288661967,0.004926910137517827,0.38,0.519,0.119,0.1005,0.7625,0.9465,0.011182576850283937,5.686923029301814e-05,9.479586340589241e-05,0.010856285251628768,0.011175058879956089,0.007241941926129387,0.006724766631127176,0.00951799196708753,0.005033044880624973
main_factorial__m12__c26__f16__tau0.015__rho0.5__global_null,main_factorial,12,26,16,0.015,0.5,global_null,0.0,1.0,2000,0.084,0.005096454400649787,0.005104908721562019,0.5025,0.3255,0.0385,0.05,0.6745,0.9415,0.006204131335071126,3.582785979142613e-05,9.189968995442285e-05,0.01118299623099065,0.010479970891894093,0.004303270159661544,0.004874615978769014,0.01047997089189409,0.005249061947211406
main_factorial__m12__c26__f16__tau0.015__rho0.5__stable_sparse_signal,main_factorial,12,26,16,0.015,0.5,stable_sparse_signal,0.005,1.0,2000,0.5195,0.003678089113005712,0.003548235942519123,0.283,0.533,0.1335,0.222,0.769,0.951,0.011174628009718166,5.816138047326754e-05,0.00010289498731546972,0.010075031172485923,0.01115875256825062,0.0076070893845446705,0.009295224612686892,0.009426766782199664,0.0048281627538628875
main_factorial__m12__c26__f16__tau0.015__rho0__attenuated_sparse_signal,main_factorial,12,26,16,0.015,0.0,attenuated_sparse_signal,0.005,0.5,2000,0.415,0.004441603182116366,0.00544285210435365,0.397,0.64,0.138,0.099,0.6575,0.9515,0.011020354990292108,5.4887301626255085e-05,9.358813935530959e-05,0.010943280024236075,0.01073581058022203,0.007714126903087504,0.006679955905951231,0.010613821253478897,0.004804728682127063
main_factorial__m12__c26__f16__tau0.015__rho0__global_null,main_factorial,12,26,16,0.015,0.0,global_null,0.0,1.0,2000,0.0665,0.005604657542521572,0.005438899691852387,0.4915,0.464,0.045,0.055,0.536,0.9545,0.005572647683202352,3.362847173353437e-05,8.911699809130968e-05,0.011181519941139357,0.01115411166805998,0.004636620442149895,0.0050990685669174045,0.011154111668059978,0.0046610876272533686
main_factorial__m12__c26__f16__tau0.015__rho0__stable_sparse_signal,main_factorial,12,26,16,0.015,0.0,stable_sparse_signal,0.005,1.0,2000,0.41,0.00452280904444745,0.004593043306162917,0.3395,0.6505,0.1455,0.178,0.6405,0.9525,0.011000477501119045,5.610070518501894e-05,9.995586806243667e-05,0.010591315450948043,0.01066450846829966,0.00788644235295568,0.008555384111695347,0.01073254251025204,0.004757435401116639
main_factorial__m12__c26__f16__tau0.03__rho0.5__attenuated_sparse_signal,main_factorial,12,26,16,0.03,0.5,attenuated_sparse_signal,0.005,0.5,2000,0.209,0.00947555728206793,0.009766221854166864,0.453,0.36,0.045,0.062,0.714,0.9395,0.009094000793116997,8.141061496623583e-05,0.0001845879654776214,0.011133619300989661,0.010735810580222025,0.004636620442149898,0.00539375066842514,0.010107080515077988,0.0053323627076581155
main_factorial__m12__c26__f16__tau0.03__rho0.5__global_null,main_factorial,12,26,16,0.03,0.5,global_null,0.0,1.0,2000,0.0935,0.010158252004663493,0.010177558799809977,0.494,0.3305,0.044,0.0475,0.6695,0.9485,0.006511534000335003,7.324001207376257e-05,0.0001820338362682903,0.011182330806282323,0.010520941978266734,0.004587212798707982,0.004757435401116646,0.010520941978266737,0.004943287675881631
main_factorial__m12__c26__f16__tau0.03__rho0.5__stable_sparse_signal,main_factorial,12,26,16,0.03,0.5,stable_sparse_signal,0.005,1.0,2000,0.218,0.00954039363613047,0.009482249275793038,0.4375,0.381,0.0515,0.065,0.6965,0.9625,0.009234751773608213,8.068595896602095e-05,0.00018074832397384162,0.0110954237960795,0.010861790333302446,0.004943287675881631,0.005513864466114063,0.010283323799929047,0.004249223805764501
main_factorial__m12__c26__f16__tau0.03__rho0__attenuated_sparse_signal,main_factorial,12,26,16,0.03,0.0,attenuated_sparse_signal,0.005,0.5,2000,0.1655,0.010784503896304372,0.011246188070952394,0.482,0.5155,0.059,0.053,0.565,0.9475,0.008312004554248931,7.63813651476867e-05,0.0001830658599692148,0.011175886999478508,0.011177761232603186,0.005270046175637043,0.005010793752192707,0.011088235860011432,0.0049884183022857334
main_factorial__m12__c26__f16__tau0.03__rho0__global_null,main_factorial,12,26,16,0.03,0.0,global_null,0.0,1.0,2000,0.0815,0.011152534248438675,0.011415187395648976,0.517,0.462,0.0395,0.05,0.538,0.94,0.00611944432112914,6.524338103257984e-05,0.00018506211294723262,0.01117667029931051,0.011150792352341714,0.0043565312672286865,0.004874615978769015,0.011150792352341714,0.0053116953087998945
main_factorial__m12__c26__f16__tau0.03__rho0__stable_sparse_signal,main_factorial,12,26,16,0.03,0.0,stable_sparse_signal,0.005,1.0,2000,0.1715,0.010641079803314375,0.010814808253874365,0.459,0.4855,0.0605,0.0625,0.587,0.943,0.008430860852092964,7.505552218509846e-05,0.00018679915099333326,0.011145474902641107,0.01117843252324933,0.005332362707658115,0.00541401244599444,0.01101254457739148,0.005185455088247909
main_factorial__m36__c26__f16__tau0.005__rho0.5__attenuated_sparse_signal,main_factorial,36,26,16,0.005,0.5,attenuated_sparse_signal,0.005,0.5,2000,0.9795,8.177230478963165e-05,0.002547850364599534,0.032,1.0,0.9285,0.591,0.9365,0.955,0.003169368619886989,2.2889312527861714e-05,3.490754064591577e-05,0.003936463879414744,0.0,0.0057628534807090265,0.010996361215419847,0.0054542414114785295,0.004636620442149896
main_factorial__m36__c26__f16__tau0.005__rho0.5__global_null,main_factorial,36,26,16,0.005,0.5,global_null,0.0,1.0,2000,0.0285,0.0019691291109394855,0.001934758801442348,0.4995,0.5585,0.0395,0.052,0.4415,0.944,0.0037216663472428723,1.1435094901578732e-05,3.059966092799802e-05,0.01118313042949521,0.011106329288974724,0.004356531267228685,0.0049659168503995805,0.011106329288974722,0.005142491867889115
main_factorial__m36__c26__f16__tau0.005__rho0.5__stable_sparse_signal,main_factorial,36,26,16,0.005,0.5,stable_sparse_signal,0.005,1.0,2000,0.9815,8.984440564299752e-05,8.02246616056381e-05,0.0105,1.0,0.925,0.971,0.942,0.9495,0.0030138707185866772,2.274867499549268e-05,3.664529171213484e-05,0.0022797968630710137,0.0,0.005891082449449601,0.0037532044004604625,0.005227969570771855,0.004897639067368798
main_factorial__m36__c26__f16__tau0.005__rho0__attenuated_sparse_signal,main_factorial,36,26,16,0.005,0.0,attenuated_sparse_signal,0.005,0.5,2000,0.9785,8.998818497819085e-05,0.002523476608222149,0.031,1.0,0.9135,0.588,0.9385,0.9525,0.003244092641792812,2.3333060698655054e-05,3.571304028790681e-05,0.003876469206217608,0.0,0.006287180554084625,0.011008569130325179,0.005373389214995315,0.004757435401116639
main_factorial__m36__c26__f16__tau0.005__rho0__global_null,main_factorial,36,26,16,0.005,0.0,global_null,0.0,1.0,2000,0.0375,0.002243111173095948,0.0022453485634903506,0.5085,0.8385,0.046,0.0445,0.1615,0.954,0.0042492238057645,1.0875437571584616e-05,2.9998820758977438e-05,0.011181519941139358,0.00823059817833349,0.004685400355171819,0.004611996341621223,0.008230598178333494,0.0046854003551718105
main_factorial__m36__c26__f16__tau0.005__rho0__stable_sparse_signal,main_factorial,36,26,16,0.005,0.0,stable_sparse_signal,0.005,1.0,2000,0.97,0.00012627932716379462,0.00011772764277063264,0.0115,0.999,0.922,0.957,0.932,0.9505,0.0038154001938616702,2.3354033476406817e-05,3.5604174227916464e-05,0.002384684121467577,0.0007069298939339518,0.005997998665721504,0.0045371569177678015,0.0056306173663252055,0.004851457855290599
main_factorial__m36__c26__f16__tau0.015__rho0.5__attenuated_sparse_signal,main_factorial,36,26,16,0.015,0.5,attenuated_sparse_signal,0.005,0.5,2000,0.3595,0.004850376536711018,0.005799692719269173,0.428,0.6995,0.076,0.0885,0.5565,0.9485,0.010732542510252043,5.544632138941605e-05,9.313855409942987e-05,0.011066581884995414,0.01025438692587777,0.005927019890500721,0.006352483925679235,0.011111507899646291,0.004943287675881632
main_factorial__m36__c26__f16__tau0.015__rho0.5__global_null,main_factorial,36,26,16,0.015,0.5,global_null,0.0,1.0,2000,0.03,0.005917622037630888,0.006015740629319663,0.5115,0.5615,0.0385,0.054,0.4385,0.95,0.003815400193861666,3.4200401728466585e-05,9.172446962274665e-05,0.011180177690296042,0.011098218786369062,0.0043032701596615415,0.0050551733292434516,0.011098218786369064,0.004874615978769015
main_factorial__m36__c26__f16__tau0.015__rho0.5__stable_sparse_signal,main_factorial,36,26,16,0.015,0.5,stable_sparse_signal,0.005,1.0,2000,0.3535,0.004909186563120424,0.004782383981043996,0.354,0.709,0.0845,0.164,0.5515,0.9535,0.010692335480100188,5.445670563771294e-05,9.980179565103909e-05,0.010695756149043422,0.010159286665547754,0.006220870084827853,0.008281684197466924,0.011123656901911163,0.004709561018023997
main_factorial__m36__c26__f16__tau0.015__rho0__attenuated_sparse_signal,main_factorial,36,26,16,0.015,0.0,attenuated_sparse_signal,0.005,0.5,2000,0.2405,0.00610074796003074,0.006723291111228245,0.447,0.8985,0.092,0.0725,0.302,0.951,0.009559056584276013,5.007698315045053e-05,9.041511709277584e-05,0.011120131683767603,0.006754382713684607,0.006464433033702459,0.0057998874426296865,0.01026892036012946,0.004828162753862889
main_factorial__m36__c26__f16__tau0.015__rho0__global_null,main_factorial,36,26,16,0.015,0.0,global_null,0.0,1.0,2000,0.03,0.006717105423072954,0.006646718988030474,0.495,0.849,0.0475,0.0575,0.151,0.9455,0.0038154001938616655,3.224205748847719e-05,9.173452345439871e-05,0.011182576850283938,0.008008218639803204,0.004757435401116647,0.005206767732010675,0.008008218639803203,0.005077180702116181
main_factorial__m36__c26__f16__tau0.015__rho0__stable_sparse_signal,main_factorial,36,26,16,0.015,0.0,stable_sparse_signal,0.005,1.0,2000,0.227,0.006099371868100642,0.00603295096137728,0.4195,0.9075,0.092,0.129,0.285,0.948,0.009369065572128701,4.8659413999990095e-05,9.858416319116497e-05,0.011037245371590516,0.0064801906943945525,0.0064644330337024596,0.0074971730540184895,0.010096458252011805,0.004965916850399586
main_factorial__m36__c26__f16__tau0.03__rho0.5__attenuated_sparse_signal,main_factorial,36,26,16,0.03,0.5,attenuated_sparse_signal,0.005,0.5,2000,0.1195,0.011607579366531685,0.011910831496784865,0.483,0.598,0.0455,0.054,0.46,0.9525,0.007255080502416785,7.514750758186049e-05,0.00017908825161419328,0.011176670299310507,0.010966226746904896,0.004661087627253368,0.005055173329243453,0.011147292544180079,0.004757435401116643
main_factorial__m36__c26__f16__tau0.03__rho0.5__global_null,main_factorial,36,26,16,0.03,0.5,global_null,0.0,1.0,2000,0.0295,0.011738426378030136,0.012232061333233624,0.537,0.5725,0.0335,0.0435,0.4275,0.9545,0.003784446593361968,6.73957173875872e-05,0.00017877400743620788,0.011152474561478372,0.011064948781886567,0.0040245463703060215,0.004562267215000732,0.011064948781886567,0.004661087627253377
main_factorial__m36__c26__f16__tau0.03__rho0.5__stable_sparse_signal,main_factorial,36,26,16,0.03,0.5,stable_sparse_signal,0.005,1.0,2000,0.107,0.011530289407874553,0.01161074752664102,0.4825,0.5875,0.0355,0.062,0.465,0.952,0.006913710993370337,7.592340576192418e-05,0.00018435272332916885,0.01117628425125419,0.011010562712487617,0.004138651860160479,0.005393750668425131,0.011155703691943023,0.004781153596660274
main_factorial__m36__c26__f16__tau0.03__rho0__attenuated_sparse_signal,main_factorial,36,26,16,0.03,0.0,attenuated_sparse_signal,0.005,0.5,2000,0.0725,0.01315232842813691,0.013315087988933143,0.492,0.8505,0.0465,0.051,0.1955,0.9495,0.005799887442629691,6.788797242472138e-05,0.00018040673270616346,0.01118170448802993,0.007975379510667157,0.004709561018023992,0.004920529016569403,0.008870130472958315,0.004897639067368798
main_factorial__m36__c26__f16__tau0.03__rho0__global_null,main_factorial,36,26,16,0.03,0.0,global_null,0.0,1.0,2000,0.029,0.013459546657312554,0.013613102724809846,0.512,0.851,0.045,0.049,0.149,0.9485,0.0037532044004604716,6.487030446711861e-05,0.00018096849397678967,0.011179914813969911,0.007964371639232056,0.004636620442149892,0.004828162753862892,0.007964371639232056,0.004943287675881633
main_factorial__m36__c26__f16__tau0.03__rho0__stable_sparse_signal,main_factorial,36,26,16,0.03,0.0,stable_sparse_signal,0.005,1.0,2000,0.0695,0.013250258587814215,0.013418348958468955,0.5,0.831,0.05,0.0595,0.205,0.9485,0.005687798389997896,6.787227944023189e-05,0.00017510904852505318,0.011183136021064598,0.008381803344964418,0.004874615978769019,0.005290923542820096,0.009029300312430969,0.004943287675881633
main_factorial__m6__c26__f16__tau0.005__rho0.5__attenuated_sparse_signal,main_factorial,6,26,16,0.005,0.5,attenuated_sparse_signal,0.005,0.5,2000,0.996,2.3638913811007884e-05,0.0025307351715662275,0.023,0.9995,0.987,0.6,0.952,0.9525,0.0014117352790977231,2.13449387240143e-05,3.538537183827886e-05,0.00335277803623803,0.0005000000000000001,0.0025335171905233552,0.010957190790298733,0.004781153596660265,0.004757435401116646
main_factorial__m6__c26__f16__tau0.005__rho0.5__global_null,main_factorial,6,26,16,0.005,0.5,global_null,0.0,1.0,2000,0.163,0.0014712661430642683,0.0014897040111392715,0.5185,0.2135,0.0365,0.0565,0.7865,0.9515,0.008261333113511788,1.264967509750205e-05,3.054616692893483e-05,0.011175478542788692,0.009165199148830258,0.004194361850826399,0.005164030267562551,0.009165199148830261,0.004804728682127058
main_factorial__m6__c26__f16__tau0.005__rho0.5__stable_sparse_signal,main_factorial,6,26,16,0.005,0.5,stable_sparse_signal,0.005,1.0,2000,0.9935,2.2307659990626276e-05,3.5064823449362843e-05,0.0035,0.999,0.98,0.9815,0.9415,0.9525,0.0017973564602277868,2.289271606777358e-05,3.642876690039811e-05,0.0013208888574315575,0.0007069298939339523,0.0031312780858980937,0.0030138707185866794,0.005249061947211413,0.004757435401116647
main_factorial__m6__c26__f16__tau0.005__rho0__attenuated_sparse_signal,main_factorial,6,26,16,0.005,0.0,attenuated_sparse_signal,0.005,0.5,2000,0.9945,3.491167136656896e-05,0.0025103947299634807,0.0215,0.9965,0.9825,0.5945,0.9485,0.96,0.0016541593398342208,2.2099299375707607e-05,3.519827048431927e-05,0.0032440926417928125,0.0013208888574315568,0.002932776088929037,0.010981583336946134,0.004943287675881631,0.004382876316119499
main_factorial__m6__c26__f16__tau0.005__rho0__global_null,main_factorial,6,26,16,0.005,0.0,global_null,0.0,1.0,2000,0.175,0.001592192270932208,0.0015882260633318514,0.5,0.27,0.0525,0.044,0.73,0.953,0.008498447611529,1.2005105864151664e-05,3.0364023179407374e-05,0.011183136021064613,0.009929718004547002,0.004988418302285738,0.004587212798707983,0.009929718004547002,0.0047335719442801235
main_factorial__m6__c26__f16__tau0.005__rho0__stable_sparse_signal,main_factorial,6,26,16,0.005,0.0,stable_sparse_signal,0.005,1.0,2000,0.994,2.3613578535405345e-05,5.175315487545132e-05,0.0015,1.0,0.9805,0.978,0.9375,0.9415,0.0017272787111155324,2.2560598671896573e-05,3.610692142109963e-05,0.0008655920660521365,0.0,0.003092678018912466,0.003280759316201878,0.00541401244599444,0.005249061947211404
main_factorial__m6__c26__f16__tau0.015__rho0.5__attenuated_sparse_signal,main_factorial,6,26,16,0.015,0.5,attenuated_sparse_signal,0.005,0.5,2000,0.6055,0.002919814769547816,0.004442372696550611,0.3585,0.475,0.1705,0.1105,0.854,0.954,0.010931359582007886,5.788888153735275e-05,9.497880138066763e-05,0.010725968403789917,0.01116914835327515,0.008411316789008865,0.007012093819242932,0.007897669693858855,0.004685400355171813
main_factorial__m6__c26__f16__tau0.015__rho0.5__global_null,main_factorial,6,26,16,0.015,0.5,global_null,0.0,1.0,2000,0.168,0.0044002939103815865,0.004454171456892204,0.506,0.2195,0.0395,0.049,0.7805,0.948,0.008361995065816545,3.836191120467285e-05,9.230237906477933e-05,0.011182330806282314,0.0092575767003672,0.004356531267228685,0.004828162753862886,0.009257576700367198,0.0049659168503995935
main_factorial__m6__c26__f16__tau0.015__rho0.5__stable_sparse_signal,main_factorial,6,26,16,0.015,0.5,stable_sparse_signal,0.005,1.0,2000,0.591,0.0029368699682007582,0.0028470714935910258,0.248,0.4705,0.165,0.246,0.838,0.9515,0.01099636121541986,5.945416746686871e-05,0.00010457269862769167,0.0096589154320587,0.011163654804511695,0.0083019251370083,0.009632673263279433,0.008240871069127883,0.004804728682127058
main_factorial__m6__c26__f16__tau0.015__rho0__attenuated_sparse_signal,main_factorial,6,26,16,0.015,0.0,attenuated_sparse_signal,0.005,0.5,2000,0.532,0.0033646793145434744,0.004722006130681618,0.3735,0.4855,0.186,0.107,0.816,0.9545,0.011160209457602883,5.746486100074476e-05,9.687461179652828e-05,0.010819306988058469,0.011178432523249335,0.008702865616276487,0.006913710993370334,0.008666576877717559,0.0046610876272533755
main_factorial__m6__c26__f16__tau0.015__rho0__global_null,main_factorial,6,26,16,0.015,0.0,global_null,0.0,1.0,2000,0.178,0.004818602829673218,0.004858617182401355,0.5,0.277,0.048,0.046,0.723,0.9455,0.00855538411169535,3.670837479915969e-05,9.299110001938213e-05,0.011183136021064615,0.010009275338224944,0.0047811535966602705,0.0046854003551718175,0.010009275338224944,0.005077180702116181
main_factorial__m6__c26__f16__tau0.015__rho0__stable_sparse_signal,main_factorial,6,26,16,0.015,0.0,stable_sparse_signal,0.005,1.0,2000,0.5195,0.0034097300427966336,0.003467047114977422,0.2915,0.4995,0.166,0.2015,0.7995,0.9535,0.011174628009718171,5.843365705957583e-05,0.00010179596952343235,0.010164424861564148,0.011183130429495206,0.008322056735816992,0.008971572858745563,0.008954885258058437,0.004709561018023999
main_factorial__m6__c26__f16__tau0.03__rho0.5__attenuated_sparse_signal,main_factorial,6,26,16,0.03,0.5,attenuated_sparse_signal,0.005,0.5,2000,0.3125,0.00801625780299663,0.008701709129654785,0.4695,0.277,0.0655,0.066,0.8055,0.951,0.010367044555050544,8.840788519774881e-05,0.00018671111030678117,0.011162310405413087,0.010009275338224956,0.005533550857500659,0.005553144938623042,0.008852912629808083,0.004828162753862888
main_factorial__m6__c26__f16__tau0.03__rho0.5__global_null,main_factorial,6,26,16,0.03,0.5,global_null,0.0,1.0,2000,0.1785,0.008868150893363846,0.008477224820160336,0.4725,0.2085,0.0415,0.061,0.7915,0.9385,0.008564785623492752,7.504296890163362e-05,0.00019022326464741032,0.011166208716863314,0.009085986604452385,0.00446080983815788,0.005352926948264542,0.009085986604452385,0.005373389214995308
main_factorial__m6__c26__f16__tau0.03__rho0.5__stable_sparse_signal,main_factorial,6,26,16,0.03,0.5,stable_sparse_signal,0.005,1.0,2000,0.3215,0.007991327155420771,0.008097937354133005,0.427,0.2765,0.0705,0.0815,0.8085,0.9415,0.01044621638289957,8.674319562568082e-05,0.00018991232624700262,0.011063304133448321,0.010003694915178987,0.005725492610493568,0.006119444321129129,0.008800715953867074,0.00524906194721141
main_factorial__m6__c26__f16__tau0.03__rho0__attenuated_sparse_signal,main_factorial,6,26,16,0.03,0.0,attenuated_sparse_signal,0.005,0.5,2000,0.287,0.008740509071380373,0.009252158014671807,0.4445,0.332,0.0715,0.064,0.7515,0.956,0.010117642182923391,8.627842903083675e-05,0.0001851372321717365,0.011114028784284706,0.010532970698519382,0.005762853480709023,0.005474210764278802,0.009665432493822833,0.004587212798707986
main_factorial__m6__c26__f16__tau0.03__rho0__global_null,main_factorial,6,26,16,0.03,0.0,global_null,0.0,1.0,2000,0.166,0.009575798270896581,0.00950387074045116,0.505,0.2665,0.0585,0.05,0.7335,0.9505,0.008322056735817002,7.448032976434374e-05,0.00017944492652536,0.01118257685028394,0.009888769836761414,0.005249061947211409,0.004874615978769018,0.009888769836761412,0.004851457855290596
main_factorial__m6__c26__f16__tau0.03__rho0__stable_sparse_signal,main_factorial,6,26,16,0.03,0.0,stable_sparse_signal,0.005,1.0,2000,0.2915,0.00881774040874092,0.009156414770128476,0.449,0.347,0.084,0.0735,0.7425,0.9475,0.010164424861564143,8.614670178274656e-05,0.00018904174658888596,0.011124809242874468,0.01064669789596963,0.0062041313350711235,0.0058366007190810195,0.009779810701065456,0.004988418302285732
main_factorial__m72__c26__f16__tau0.005__rho0.5__attenuated_sparse_signal,main_factorial,72,26,16,0.005,0.5,attenuated_sparse_signal,0.005,0.5,2000,0.975,0.0001172790463369717,0.002549870548752677,0.0325,0.9995,0.8715,0.596,0.9425,0.956,0.003491933103368277,2.2582626716175008e-05,3.370257228130873e-05,0.003966073608738873,0.0005,0.007484776946774801,0.010975072943404825,0.005206767732010678,0.004587212798707983
main_factorial__m72__c26__f16__tau0.005__rho0.5__global_null,main_factorial,72,26,16,0.005,0.5,global_null,0.0,1.0,2000,0.0155,0.0021428952067799774,0.0021604808326265174,0.5115,0.7205,0.04,0.0455,0.2795,0.946,0.0027629136515502925,1.1348393187502939e-05,3.0149606314097245e-05,0.011180177690296037,0.010036944013122781,0.004382876316119497,0.004661087627253375,0.010036944013122781,0.005055173329243452
main_factorial__m72__c26__f16__tau0.005__rho0.5__stable_sparse_signal,main_factorial,72,26,16,0.005,0.5,stable_sparse_signal,0.005,1.0,2000,0.9675,0.00014067153419927882,0.00013002060995628433,0.019,1.0,0.867,0.955,0.9365,0.9475,0.00396607360873887,2.3403698583243403e-05,3.6607436411392427e-05,0.003053549095894896,0.0,0.007595020880227087,0.004636620442149896,0.00545424141147853,0.004988418302285734
main_factorial__m72__c26__f16__tau0.005__rho0__attenuated_sparse_signal,main_factorial,72,26,16,0.005,0.0,attenuated_sparse_signal,0.005,0.5,2000,0.97,0.00015242134878562226,0.00258401540784774,0.037,1.0,0.8905,0.575,0.933,0.946,0.0038154001938616646,2.2772728985889853e-05,3.5316906386589e-05,0.004221896754552751,0.0,0.006984215391317488,0.011056609982818242,0.005592060046868588,0.005055173329243454
main_factorial__m72__c26__f16__tau0.005__rho0__global_null,main_factorial,72,26,16,0.005,0.0,global_null,0.0,1.0,2000,0.0135,0.002441947099807019,0.002430593754890796,0.4945,0.9715,0.0455,0.044,0.0285,0.945,0.0025811249685072438,1.0679817184354743e-05,3.0239077440599458e-05,0.011182459420867551,0.0037216663472428692,0.004661087627253376,0.004587212798707985,0.0037216663472428697,0.005099068566917404
main_factorial__m72__c26__f16__tau0.005__rho0__stable_sparse_signal,main_factorial,72,26,16,0.005,0.0,stable_sparse_signal,0.005,1.0,2000,0.9665,0.00016576590198805744,0.0001419020993042619,0.018,1.0,0.881,0.9525,0.9225,0.9495,0.004024546370306022,2.373249591987586e-05,3.6744096046608423e-05,0.0029736208922129448,0.0,0.007241941926129394,0.004757435401116643,0.0059803643182242084,0.004897639067368798
main_factorial__m72__c26__f16__tau0.015__rho0.5__attenuated_sparse_signal,main_factorial,72,26,16,0.015,0.5,attenuated_sparse_signal,0.005,0.5,2000,0.2705,0.0056223372862548885,0.006479014598404694,0.456,0.822,0.0595,0.075,0.403,0.9455,0.009935503616629504,5.2288094343201496e-05,9.2734288447949e-05,0.01113975076128329,0.00855538411169536,0.0052909235428201026,0.0058910824494496,0.0109706735362474,0.005077180702116186
main_factorial__m72__c26__f16__tau0.015__rho0.5__global_null,main_factorial,72,26,16,0.015,0.5,global_null,0.0,1.0,2000,0.017,0.006385808948233779,0.0062290784770682745,0.479,0.7005,0.035,0.053,0.2995,0.9515,0.0028913110935905807,3.413989819062264e-05,9.074144927114704e-05,0.0111732681414383,0.01024462547756568,0.0041104680966998096,0.005010793752192716,0.010244625477565671,0.0048047286821270565
main_factorial__m72__c26__f16__tau0.015__rho0.5__stable_sparse_signal,main_factorial,72,26,16,0.015,0.5,stable_sparse_signal,0.005,1.0,2000,0.2855,0.0055213354988355836,0.005628263777997669,0.3875,0.7975,0.063,0.135,0.427,0.9505,0.01010177696986894,5.3254536179420154e-05,9.814913254335185e-05,0.010896386585483758,0.00898817382087802,0.005434175662652645,0.00764308238567249,0.011063304133448321,0.004851457855290596
main_factorial__m72__c26__f16__tau0.015__rho0__attenuated_sparse_signal,main_factorial,72,26,16,0.015,0.0,attenuated_sparse_signal,0.005,0.5,2000,0.181,0.006791425518958835,0.007199880507783197,0.441,0.983,0.0745,0.057,0.171,0.953,0.008611421386109524,4.5457391344430754e-05,9.094353146875632e-05,0.011105006104468835,0.002891311093590581,0.005872999324070307,0.005185455088247906,0.008421101915945403,0.004733571944280115
main_factorial__m72__c26__f16__tau0.015__rho0__global_null,main_factorial,72,26,16,0.015,0.0,global_null,0.0,1.0,2000,0.013,0.007382863448079694,0.007438171997121642,0.5015,0.982,0.0535,0.0475,0.018,0.947,0.002533517190523349,3.2580407197739824e-05,9.160461894246431e-05,0.011183085696839281,0.0029736208922129413,0.005033044880624966,0.004757435401116648,0.0029736208922129426,0.005010793752192708
main_factorial__m72__c26__f16__tau0.015__rho0__stable_sparse_signal,main_factorial,72,26,16,0.015,0.0,stable_sparse_signal,0.005,1.0,2000,0.166,0.006847456467312575,0.006856672777470757,0.4415,0.988,0.0775,0.1045,0.152,0.947,0.008322056735816999,4.408458053437e-05,9.563236070422687e-05,0.01110632928897471,0.0024353573624298717,0.005980364318224212,0.006842023212531539,0.008029958911480175,0.005010793752192712
main_factorial__m72__c26__f16__tau0.03__rho0.5__attenuated_sparse_signal,main_factorial,72,26,16,0.03,0.5,attenuated_sparse_signal,0.005,0.5,2000,0.069,0.012516810290949774,0.012455354865996691,0.4835,0.7405,0.0385,0.057,0.2955,0.947,0.0056688241976526246,7.029058137908429e-05,0.00017897873304635896,0.011177045144808374,0.009804485655529549,0.0043032701596615475,0.005185455088247906,0.010204996128024085,0.005010793752192711
main_factorial__m72__c26__f16__tau0.03__rho0.5__global_null,main_factorial,72,26,16,0.03,0.5,global_null,0.0,1.0,2000,0.0065,0.012937546093799665,0.012840479896341555,0.498,0.749,0.0355,0.0625,0.251,0.936,0.0017973564602277868,6.838011660705673e-05,0.0001868967082559257,0.01118304655561858,0.00969775867206599,0.0041386518601604794,0.005414012445994442,0.009697758672065989,0.0054742107642787976
main_factorial__m72__c26__f16__tau0.03__rho0.5__stable_sparse_signal,main_factorial,72,26,16,0.03,0.5,stable_sparse_signal,0.005,1.0,2000,0.0655,0.012618012101557606,0.012580308203120701,0.464,0.7395,0.032,0.06,0.2945,0.949,0.005533550857500662,7.083346647867888e-05,0.00018289798330010587,0.011154111668059973,0.009816723436540059,0.003936463879414741,0.005311695308799887,0.010194942050924607,0.004920529016569401
main_factorial__m72__c26__f16__tau0.03__rho0__attenuated_sparse_signal,main_factorial,72,26,16,0.03,0.0,attenuated_sparse_signal,0.005,0.5,2000,0.0375,0.01465216320912282,0.01464176087169761,0.4925,0.976,0.057,0.044,0.043,0.958,0.004249223805764501,6.586405898971737e-05,0.00017618570024021337,0.011181877847485996,0.0034231358327511227,0.005185455088247911,0.004587212798707984,0.004537156917767805,0.004486431101891119
main_factorial__m72__c26__f16__tau0.03__rho0__global_null,main_factorial,72,26,16,0.03,0.0,global_null,0.0,1.0,2000,0.014,0.014715809900870375,0.014791052651436883,0.4985,0.9675,0.049,0.041,0.0325,0.954,0.00262782281106683,6.422645280053759e-05,0.00017980056509625175,0.01118308569683928,0.003966073608738865,0.0048281627538628875,0.004435012363830981,0.0039660736087388645,0.004685400355171812
main_factorial__m72__c26__f16__tau0.03__rho0__stable_sparse_signal,main_factorial,72,26,16,0.03,0.0,stable_sparse_signal,0.005,1.0,2000,0.052,0.014556375942466962,0.014838137022231555,0.49,0.977,0.056,0.037,0.0475,0.953,0.0049659168503995805,6.6820462294607e-05,0.00017713548540230985,0.011180899170152945,0.003352778036238029,0.005142491867889114,0.004221896754552753,0.004757435401116641,0.004733571944280113
sample_size_sensitivity__m36__c12__f12__tau0.015__rho0.5__global_null,sample_size_sensitivity,36,12,12,0.015,0.5,global_null,0.0,1.0,2000,0.0245,0.008321862075052847,0.008133913357100644,0.4915,0.579,0.042,0.0515,0.421,0.9615,0.003457723662536268,5.324113223243153e-05,0.00011128522646522623,0.011181519941139353,0.01104266590253992,0.004486431101891125,0.004943287675881631,0.011042665902539921,0.004303270159661548
sample_size_sensitivity__m36__c12__f12__tau0.015__rho0.5__stable_sparse_signal,sample_size_sensitivity,36,12,12,0.015,0.5,stable_sparse_signal,0.005,1.0,2000,0.1595,0.00798585789707633,0.007901076965501921,0.429,0.645,0.046,0.091,0.446,0.9575,0.008189225036799988,6.037145870459672e-05,0.00011444588623522355,0.011069813475627882,0.01070255915125878,0.004685400355171815,0.006432743590028097,0.01111772467283439,0.004511879156932665
sample_size_sensitivity__m36__c12__f16__tau0.015__rho0.5__global_null,sample_size_sensitivity,36,12,16,0.015,0.5,global_null,0.0,1.0,2000,0.0255,0.008285425099916423,0.008260903513349412,0.492,0.5685,0.042,0.053,0.4315,0.9415,0.00352577516941631,4.9447413088182966e-05,9.834432800954054e-05,0.011181704488029938,0.011077690761901066,0.004486431101891132,0.005010793752192708,0.011077690761901068,0.0052490619472114084
sample_size_sensitivity__m36__c12__f16__tau0.015__rho0.5__stable_sparse_signal,sample_size_sensitivity,36,12,16,0.015,0.5,stable_sparse_signal,0.005,1.0,2000,0.165,0.007895257270009249,0.00784395925975298,0.414,0.6395,0.0525,0.0935,0.4565,0.9595,0.008301925137008294,6.11929280474887e-05,0.0001008605041266003,0.011016473180681314,0.010739066010104636,0.0049884183022857334,0.006511534000335001,0.011140733053371453,0.004409035585862141
sample_size_sensitivity__m36__c12__f32__tau0.015__rho0.5__global_null,sample_size_sensitivity,36,12,32,0.015,0.5,global_null,0.0,1.0,2000,0.028,0.00827983703294883,0.00825955820625678,0.5015,0.5935,0.044,0.0525,0.4065,0.95,0.003689824847293141,5.215918909131798e-05,7.910056522912521e-05,0.011183085696839299,0.010985864536294122,0.004587212798707981,0.0049884183022857334,0.010985864536294122,0.004874615978769022
sample_size_sensitivity__m36__c12__f32__tau0.015__rho0.5__stable_sparse_signal,sample_size_sensitivity,36,12,32,0.015,0.5,stable_sparse_signal,0.005,1.0,2000,0.1595,0.007854777534159398,0.007880070895460846,0.423,0.6235,0.0415,0.131,0.467,0.951,0.00818922503679998,6.004372986383076e-05,8.416776332641627e-05,0.011049730687855574,0.010836631916589574,0.004460809838157883,0.0075463881418194635,0.01115875256825061,0.004828162753862892
sample_size_sensitivity__m36__c26__f12__tau0.015__rho0.5__global_null,sample_size_sensitivity,36,26,12,0.015,0.5,global_null,0.0,1.0,2000,0.031,0.005990984924468965,0.005983604858588709,0.496,0.5755,0.0355,0.0515,0.4245,0.95,0.0038764692062176046,3.4873494841403845e-05,0.00010398737371581907,0.011182778154985988,0.011054907529701244,0.004138651860160476,0.004943287675881629,0.011054907529701246,0.004874615978769012
sample_size_sensitivity__m36__c26__f12__tau0.015__rho0.5__stable_sparse_signal,sample_size_sensitivity,36,26,12,0.015,0.5,stable_sparse_signal,0.005,1.0,2000,0.3695,0.004822568150949716,0.00466443554256663,0.3595,0.712,0.078,0.153,0.5605,0.944,0.010795515113846433,5.481633841751313e-05,0.00011340032925769264,0.01073254251025204,0.01012814344511483,0.005997998665721509,0.008051578351912038,0.01110096800938425,0.005142491867889113
sample_size_sensitivity__m36__c26__f16__tau0.015__rho0.5__global_null,sample_size_sensitivity,36,26,16,0.015,0.5,global_null,0.0,1.0,2000,0.0245,0.005906190204732349,0.005884973106370759,0.496,0.5745,0.0355,0.0495,0.4255,0.951,0.0034577236625362687,3.3824321171711574e-05,9.191098178855617e-05,0.011182778154985983,0.011058300864463971,0.00413865186016048,0.004851457855290596,0.011058300864463974,0.004828162753862886
sample_size_sensitivity__m36__c26__f16__tau0.015__rho0.5__stable_sparse_signal,sample_size_sensitivity,36,26,16,0.015,0.5,stable_sparse_signal,0.005,1.0,2000,0.349,0.004900670944304886,0.004984520450809079,0.3625,0.708,0.0695,0.15,0.5425,0.9475,0.01066097219600926,5.520359279574105e-05,0.00010069063865914927,0.010751961557719097,0.01016954816375475,0.005687798389997896,0.007986356550109234,0.011142663706548742,0.004988418302285733
sample_size_sensitivity__m36__c26__f32__tau0.015__rho0.5__global_null,sample_size_sensitivity,36,26,32,0.015,0.5,global_null,0.0,1.0,2000,0.027,0.005891848965056996,0.005842087636182285,0.4985,0.5625,0.03,0.055,0.4375,0.942,0.0036251994476880506,3.353326755641589e-05,6.895166316303238e-05,0.011183085696839281,0.011095423796079503,0.003815400193861662,0.005099068566917398,0.011095423796079503,0.005227969570771855
sample_size_sensitivity__m36__c26__f32__tau0.015__rho0.5__stable_sparse_signal,sample_size_sensitivity,36,26,32,0.015,0.5,stable_sparse_signal,0.005,1.0,2000,0.3545,0.004902878121528944,0.005049996299015646,0.345,0.707,0.071,0.2295,0.5505,0.95,0.010699164035359386,5.449744607456478e-05,8.061542474361665e-05,0.010632216232329234,0.010179750176543056,0.005744214306500018,0.009405270041432946,0.011125950223877148,0.004874615978769019
sample_size_sensitivity__m36__c52__f12__tau0.015__rho0.5__global_null,sample_size_sensitivity,36,52,12,0.015,0.5,global_null,0.0,1.0,2000,0.0225,0.004259255684690345,0.004214377242504622,0.498,0.5605,0.0245,0.0405,0.4395,0.958,0.0033169829948454725,2.3215014529362204e-05,9.894310063075644e-05,0.011183046555618576,0.01110096800938426,0.003457723662536267,0.00440903558586214,0.011100968009384258,0.004486431101891125
sample_size_sensitivity__m36__c52__f12__tau0.015__rho0.5__stable_sparse_signal,sample_size_sensitivity,36,52,12,0.015,0.5,stable_sparse_signal,0.005,1.0,2000,0.6605,0.0023423091537041144,0.002354782630958946,0.253,0.8565,0.207,0.199,0.7135,0.951,0.010591315450948043,4.9975261403603084e-05,0.00010710092018134407,0.009723310721441175,0.007841212744764318,0.009061818707033339,0.008929690346526154,0.010112368911511349,0.004828162753862897
sample_size_sensitivity__m36__c52__f16__tau0.015__rho0.5__global_null,sample_size_sensitivity,36,52,16,0.015,0.5,global_null,0.0,1.0,2000,0.031,0.0042643583527402435,0.004499217124571903,0.5205,0.5625,0.036,0.05,0.4375,0.938,0.0038764692062176077,2.448136871477934e-05,8.897941760701408e-05,0.011173732641806641,0.0110954237960795,0.00416661497383309,0.004874615978769019,0.011095423796079492,0.005393750668425137
sample_size_sensitivity__m36__c52__f16__tau0.015__rho0.5__stable_sparse_signal,sample_size_sensitivity,36,52,16,0.015,0.5,stable_sparse_signal,0.005,1.0,2000,0.634,0.0024367818424460104,0.002370418096476867,0.234,0.857,0.2005,0.2505,0.6975,0.9535,0.010774044738166356,4.9554002854138347e-05,9.844499591446871e-05,0.009469257279042971,0.007829824587852419,0.008954885258058456,0.00969132787176035,0.010273735923456106,0.004709561018024001
sample_size_sensitivity__m36__c52__f32__tau0.015__rho0.5__global_null,sample_size_sensitivity,36,52,32,0.015,0.5,global_null,0.0,1.0,2000,0.0275,0.0042849821466772854,0.004216869072521949,0.495,0.5505,0.04,0.0535,0.4495,0.951,0.003657671975743735,2.4510316558485443e-05,6.523931324555764e-05,0.011182576850283944,0.011125950223877164,0.004382876316119501,0.005033044880624967,0.011125950223877166,0.0048281627538628935
sample_size_sensitivity__m36__c52__f32__tau0.015__rho0.5__stable_sparse_signal,sample_size_sensitivity,36,52,32,0.015,0.5,stable_sparse_signal,0.005,1.0,2000,0.6475,0.0023707778198139846,0.002291462398950319,0.19,0.8595,0.1915,0.4085,0.7105,0.948,0.01068545574518192,4.955383176784859e-05,7.785159514233674e-05,0.008774308761784238,0.007772392169726128,0.00880071595386706,0.01099428543180856,0.010143782487887887,0.004965916850399584
