file,task_id,dataset_id,name,decision,primary_reason,evidence_url,review_note,summary_category
openml_active_classification_pool__followup_source_review__followup_candidate_review.csv,363445,46737,agriculture_dataset_karnataka,blocked,original_collection_and_row_grain_unverified,https://www.openml.org/d/46737,Kaggle derivative metadata does not establish the original Karnataka collection or independent row unit.,Non-IID/grouped units
openml_active_classification_pool__followup_source_review__followup_candidate_review.csv,363456,46758,PostPartum_Depression,blocked,hospital_identity_ethics_and_independence_unverified,https://www.openml.org/d/46758,Uploader claims an unpublished hospital Google-form survey but names no hospital or auditable study.,Non-IID/grouped units
openml_active_classification_pool__followup_source_review__followup_candidate_review.csv,363712,46979,jm1,blocked,jm1_version_identity_and_label_quality_unresolved,https://www.openml.org/d/1053,The exact lineage remains unresolved across conflicting NASA/PROMISE JM1 variants.,Non-IID/grouped units
openml_active_classification_pool__remaining_domain_round2__final_candidate_review.csv,9898,1560,cardiotocography,blocked,independent_subject_unit_not_established,https://archive.ics.uci.edu/dataset/193/cardiotocography,"The source establishes 2,126 fetal cardiotocograms but does not establish 2,126 distinct fetuses or pregnancies.",Non-IID/grouped units
expanded_candidate_source_review__candidate_source_license_independence_review.csv,9979,1466,cardiotocography,blocked,independence_unverified,https://archive.ics.uci.edu/dataset/193/cardiotocography,"The source does not establish that 2,126 cardiotocograms correspond to 2,126 independent pregnancies/fetuses.",Non-IID/grouped units
expanded_candidate_source_review__candidate_source_license_independence_review.csv,146606,23512,higgs,blocked,subset_provenance_unverified,https://archive.ics.uci.edu/dataset/280/higgs,"UCI documents 11M events; the exact rule producing OpenML's 98,050-row derivative is not documented.",Other unresolved
openml_active_classification_pool__followup_source_review__followup_candidate_review.csv,363632,46924,E-CommereShippingData,blocked,original_collection_unverified,https://www.openml.org/d/46924,TabArena itself records missing source information and translation/data concerns.,Other unresolved
openml_active_classification_pool__followup_source_review__followup_candidate_review.csv,363634,46927,Fitness_Club,blocked,original_collection_and_member_grain_unverified,https://www.openml.org/d/46927,A training-course/Kaggle derivative with no auditable collection owner or member identifier.,Other unresolved
expanded_candidate_source_review__candidate_source_license_independence_review.csv,14967,23380,cjs,blocked,source_and_license_unverified,https://www.openml.org/d/23380,"No canonical primary source, explicit licence, or defensible sample unit was found in the frozen official metadata.",Provenance/license
openml_active_classification_pool__remaining_domain_round2__final_candidate_review.csv,167119,41027,jungle_chess_2pcs_raw_endgame_complete,blocked,license_and_generated_position_independence_unverified,https://www.openml.org/d/41027,OpenML only states Public and generated board positions are structurally related.,Provenance/license
openml_active_classification_pool__remaining_domain_round4__final_candidate_review.csv,168336,41162,kick,blocked,canonical_source_license_and_timing_unverified,,"OpenML points to a third-party Kaggle mirror; the original Carvana competition grant, exact version, and prediction-time availability are not established.",Provenance/license
expanded_candidate_source_review__candidate_source_license_independence_review.csv,168910,41164,fabert,blocked,source_and_license_unverified,https://automl.chalearn.org/data,"Official page provides a download but not source identity, sample unit, or explicit reuse licence.",Provenance/license
expanded_candidate_source_review__candidate_source_license_independence_review.csv,168911,41143,jasmine,blocked,source_and_license_unverified,https://automl.chalearn.org/data,"Official page provides a download but not source identity, sample unit, or explicit reuse licence.",Provenance/license
openml_active_classification_pool__remaining_domain_round4__final_candidate_review.csv,189773,41671,microaggregation2,blocked,canonical_generator_provenance_and_license_unverified,,Only an opaque microaggregation name and generic OpenML licence assertion are available.,Provenance/license
expanded_candidate_source_review__candidate_source_license_independence_review.csv,190392,41144,madeline,blocked,source_and_license_unverified,https://automl.chalearn.org/data,"Official page provides a download but not source identity, sample unit, or explicit reuse licence.",Provenance/license
expanded_candidate_source_review__candidate_source_license_independence_review.csv,190410,41145,philippine,blocked,source_and_license_unverified,https://automl.chalearn.org/data,"Official page provides a download but not source identity, sample unit, or explicit reuse licence.",Provenance/license
openml_active_classification_pool__remaining_domain_round2__final_candidate_review.csv,211716,42193,compas-two-years,blocked,dataset_license_grant_unverified,https://github.com/propublica/compas-analysis,The repository documents provenance but does not supply an explicit reusable licence for the dataset.,Provenance/license
openml_active_classification_pool__remaining_domain_round2__final_candidate_review.csv,211718,42343,KDD98,blocked,nonstandard_use_conditions_require_external_compliance,https://kdd.ics.uci.edu/databases/kddcup98/kddcup98.html,"The official KDD Cup page imposes notification, copying, and sponsor-disclosure conditions beyond a standard reusable data licence.",Provenance/license
expanded_candidate_source_review__candidate_source_license_independence_review.csv,211979,41168,jannis,blocked,source_and_license_unverified,https://automl.chalearn.org/data,"Official page provides a download but not source identity, sample unit, or explicit reuse licence.",Provenance/license
expanded_candidate_source_review__candidate_source_license_independence_review.csv,3543,451,irish,blocked,source_and_license_unverified,http://lib.stat.cmu.edu/datasets/irish.ed,The frozen record points only to a legacy StatLib file; source unit and licence are not documented.,Provenance/license
expanded_candidate_source_review__candidate_source_license_independence_review.csv,3561,470,profb,blocked,license_unverified,http://lib.stat.cmu.edu/datasets/profb,Public availability is not an explicit redistribution licence; repeated-team dependence also needs a split rule.,Provenance/license
openml_active_classification_pool__remaining_domain_round3__final_candidate_review.csv,3588,722,pol,blocked,canonical_source_target_and_license_unverified,https://www.openml.org/d/722,"The transformed release does not identify the original target, source, or dataset-specific licence.",Provenance/license
openml_active_classification_pool__remaining_domain_round3__final_candidate_review.csv,3591,725,bank8FM,blocked,canonical_generator_and_license_unverified,https://www.openml.org/d/725,The frozen metadata gives Unknown source and generic Public status only.,Provenance/license
openml_active_classification_pool__remaining_domain_round3__final_candidate_review.csv,3593,727,2dplanes,blocked,canonical_generator_and_license_unverified,https://www.openml.org/d/727,The frozen metadata identifies neither the canonical generator nor a dataset-specific licence.,Provenance/license
expanded_candidate_source_review__candidate_source_license_independence_review.csv,359972,41146,sylvine,blocked,source_and_license_unverified,https://automl.chalearn.org/data,"Official page provides a download but not source identity, sample unit, or explicit reuse licence.",Provenance/license
expanded_candidate_source_review__candidate_source_license_independence_review.csv,359984,41169,helena,blocked,source_and_license_unverified,https://automl.chalearn.org/data,"Official page provides a download but not source identity, sample unit, or explicit reuse licence.",Provenance/license
expanded_candidate_source_review__candidate_source_license_independence_review.csv,359985,41166,volkert,blocked,source_and_license_unverified,https://automl.chalearn.org/data,"Official page provides a download but not source identity, sample unit, or explicit reuse licence.",Provenance/license
expanded_candidate_source_review__candidate_source_license_independence_review.csv,359991,41162,kick,blocked,license_unverified,https://www.kaggle.com/competitions/DontGetKicked/data,OpenML's CC0 label is not backed by an explicit licence from the original competition source.,Provenance/license
expanded_candidate_source_review__candidate_source_license_independence_review.csv,359993,42734,okcupid-stem,blocked,license_unverified,https://github.com/rudeboybert/JSE_OkCupid,"Source states OkCupid granted use permission, but the exact 50,789-row/19-feature derivative and redistribution licence are not documented.",Provenance/license
openml_active_classification_pool__remaining_domain_round2__final_candidate_review.csv,361276,45019,Bioresponse,blocked,original_dataset_license_unverified,https://www.openml.org/d/45019,A Kaggle-derived upload with no verified original dataset licence grant.,Provenance/license
openml_active_classification_pool__remaining_domain_round2__final_candidate_review.csv,361637,45547,Cardiovascular-Disease-dataset,blocked,provenance_and_license_unknown,https://www.openml.org/d/45547,Official metadata does not establish canonical provenance or a dataset-specific licence.,Provenance/license
openml_active_classification_pool__remaining_domain_round2__final_candidate_review.csv,361640,45548,Otto-Group-Product-Classification-Challenge,blocked,license_unknown,https://www.openml.org/d/45548,The official dataset metadata reports an unknown licence.,Provenance/license
openml_active_classification_pool__followup_source_review__followup_candidate_review.csv,361650,45545,Tour-and-Travels-Customer-Churn-Prediction,blocked,original_collection_and_license_grant_unverified,https://www.openml.org/d/45545,Described only as practice/mini-hackathon data.,Provenance/license
openml_active_classification_pool__remaining_domain_round4__final_candidate_review.csv,362170,46371,Customer_Churn_Classification_Nominal,blocked,canonical_source_collection_and_license_unverified,,"The customer source, collection process, and dataset-specific grant are not established; surname-derived fields add identity/text concerns.",Provenance/license
openml_active_classification_pool__remaining_domain_round2__final_candidate_review.csv,362215,46431,HMEQ_Data,blocked,original_source_and_license_unverified,https://www.openml.org/d/46431,The derivative upload does not establish the original HMEQ collection and licence.,Provenance/license
openml_active_classification_pool__remaining_domain_round4__final_candidate_review.csv,362345,43255,1StudentPerfromance,blocked,canonical_source_collection_and_license_unverified,,"A minimal StudentPerformance heading does not establish origin, collection, or a dataset-specific grant.",Provenance/license
openml_active_classification_pool__remaining_domain_round4__final_candidate_review.csv,362349,43325,Birds,blocked,canonical_source_semantics_and_license_unverified,,The MINI Birds fields are opaque and canonical origin/licensing is not auditable.,Provenance/license
openml_active_classification_pool__remaining_domain_round4__final_candidate_review.csv,362377,43595,Loan-Predication,blocked,canonical_source_collection_and_license_unverified,,A plausible row structure is insufficient without an auditable canonical source and dataset-specific reuse grant.,Provenance/license
openml_active_classification_pool__remaining_domain_round2__final_candidate_review.csv,362562,44226,NewspaperChurn,blocked,origin_and_license_unverified,https://www.openml.org/d/44226,Canonical origin and a dataset-specific licence are not established.,Provenance/license
openml_active_classification_pool__remaining_domain_round2__final_candidate_review.csv,363088,45553,FICO-HELOC-cleaned,blocked,custom_license_scope_unresolved,https://www.openml.org/d/45553,Metadata reports conflicting unknown/custom licence scope.,Provenance/license
openml_active_classification_pool__remaining_domain_round4__final_candidate_review.csv,363143,45927,Products,blocked,canonical_source_license_and_sample_grain_unverified,,Generic 'Publicly available' status is not a reuse licence and the product sampling unit is undocumented.,Provenance/license
openml_active_classification_pool__remaining_domain_round3__final_candidate_review.csv,3672,807,kin8nm,blocked,explicit_dataset_license_absent,https://www.cs.toronto.edu/~delve/data/kin/desc.html,DELVE documents the simulated kin family and cases but gives no explicit reusable dataset licence on the source page.,Provenance/license
openml_active_classification_pool__remaining_domain_round3__final_candidate_review.csv,3681,816,puma8NH,blocked,explicit_dataset_license_absent,https://www.cs.toronto.edu/~delve/data/pumadyn/desc.html,"The simulated robot-arm source is auditable, but no explicit reusable dataset licence is established.",Provenance/license
openml_active_classification_pool__remaining_domain_round3__final_candidate_review.csv,3760,897,colleges_aaup,blocked,canonical_source_target_and_license_unverified,https://www.openml.org/d/897,"One college per row is plausible, but the original target and a dataset-specific reuse licence are not established.",Provenance/license
openml_active_classification_pool__remaining_domain_round3__final_candidate_review.csv,3793,930,colleges_usnews,blocked,canonical_source_and_dataset_license_unverified,https://www.openml.org/d/930,"One college per row is plausible, but the frozen metadata names no canonical source and supplies only generic Public status.",Provenance/license
openml_active_classification_pool__remaining_domain_round3__final_candidate_review.csv,3877,1014,analcatdata_dmft,blocked,collection_grain_target_and_license_unverified,https://www.openml.org/d/1014,"The dental collection unit, binary relabeling target, and dataset-specific licence are not established.",Provenance/license
expanded_candidate_source_review__candidate_source_license_independence_review.csv,3889,1036,sylva_agnostic,blocked,license_unverified,https://www.causality.inf.ethz.ch/al_data/SYLVA.html,Official challenge documentation identifies the source and composite patterns but gives no reusable licence.,Provenance/license
expanded_candidate_source_review__candidate_source_license_independence_review.csv,3896,1043,ada_agnostic,blocked,source_and_license_unverified,https://www.agnostic.inf.ethz.ch/datasets.php,Challenge availability and OpenML 'Public' do not establish an explicit licence or sample unit.,Provenance/license
expanded_candidate_source_review__candidate_source_license_independence_review.csv,3946,1112,KDDCup09_churn,blocked,license_unverified,https://kdd.org/kdd-cup/view/kdd-cup-2009/Rules,Official rules describe participant access but do not grant a general redistribution licence.,Provenance/license
openml_active_classification_pool__remaining_domain_round2__final_candidate_review.csv,3948,1114,KDDCup09_upselling,blocked,canonical_source_license_unverified,https://www.openml.org/d/1114,Canonical source and dataset-specific reusable licence remain unverified.,Provenance/license
openml_active_classification_pool__remaining_domain_round2__final_candidate_review.csv,9909,1547,autoUniv-au1-1000,blocked,dataset_specific_license_unverified,https://www.openml.org/d/1547,Generic OpenML Public metadata does not establish a dataset-specific licence grant.,Provenance/license
openml_active_classification_pool__remaining_domain_round3__final_candidate_review.csv,9943,1507,twonorm,blocked,explicit_dataset_license_absent,https://www.cs.toronto.edu/~delve/data/twonorm/desc.html,"DELVE documents 7,400 artificial cases and the generator, but the page does not grant an explicit reusable dataset licence.",Provenance/license
openml_active_classification_pool__remaining_domain_round3__final_candidate_review.csv,9959,1496,ringnorm,blocked,explicit_dataset_license_absent,https://www.cs.toronto.edu/~delve/data/ringnorm/desc.html,"DELVE documents 7,400 artificial cases and the generator, but the page does not grant an explicit reusable dataset licence.",Provenance/license
openml_active_classification_pool__remaining_domain_round4__final_candidate_review.csv,363633,46925,Employee,blocked,canonical_collection_and_generation_provenance_unverified,,The Kaggle pointer and CC0 assertion do not establish the underlying employee collection or whether records are synthetic.,Synthetic/dependence
openml_active_classification_pool__source_review__source_license_independence_review.csv,362453,43974,MiniBooNE,eligible,passed_all_gates,https://archive.ics.uci.edu/dataset/199/miniboone+particle+identification,OpenML provides a class-balanced subset without duplicated resampling; UCI defines one particle event per row.,Duplicate/source overlap
openml_active_classification_pool__deep_source_review__candidate_source_license_independence_review.csv,363661,46955,SDSS17,eligible,passed_all_gates,https://www.sdss4.org/collaboration/,SDSS public-domain data; TabArena removed duplicate obj_ID rows and ID-like metadata.,Duplicate/source overlap
openml_active_classification_pool__deep_source_review__candidate_source_license_independence_review.csv,363428,46720,OSMI_Mental_Health_in_Tech_Survey,eligible,passed_all_gates,https://osmhhelp.org/research.html,One 2016 survey response per respondent; OSMI publishes the raw survey under CC BY-SA 4.0.,Non-IID/grouped units
combined_source_review__provisionally_eligible.csv,10101,1464,blood-transfusion-service-center,eligible,permissive_cc_by_4_0,https://archive.ics.uci.edu/ml/datasets/Blood+Transfusion+Service+Center,,Other unresolved
combined_source_review__provisionally_eligible.csv,11,11,balance-scale,eligible,permissive_cc_by_4_0,http://archive.ics.uci.edu/ml/datasets/balance+scale,,Other unresolved
expanded_candidate_source_review__candidate_source_license_independence_review.csv,125921,40496,LED-display-domain-7digit,eligible,passed_all_gates,https://archive.ics.uci.edu/dataset/57/led+display+domain,UCI documents a seven-attribute noisy data generator and CC BY 4.0.,Other unresolved
combined_source_review__provisionally_eligible.csv,146195,40668,connect-4,eligible,permissive_cc_by_4_0,https://archive.ics.uci.edu/ml/datasets/Connect-4,,Other unresolved
openml_active_classification_pool__deep_source_review__candidate_source_license_independence_review.csv,146819,40994,climate-model-simulation-crashes,eligible,passed_all_gates,https://archive.ics.uci.edu/dataset/252/climate+model+simulation+crashes,Use v4: study/run identifiers are deactivated; each row is one Latin-hypercube simulation.,Other unresolved
combined_source_review__provisionally_eligible.csv,146821,40975,car,eligible,permissive_cc_by_4_0,https://archive.ics.uci.edu/ml/datasets/car+evaluation,,Other unresolved
combined_source_review__provisionally_eligible.csv,14954,6332,cylinder-bands,eligible,permissive_cc_by_4_0,https://archive.ics.uci.edu/dataset/32/cylinder+bands,,Other unresolved
combined_source_review__provisionally_eligible.csv,23,23,cmc,eligible,permissive_cc_by_4_0,https://archive.ics.uci.edu/ml/datasets/Contraceptive+Method+Choice,,Other unresolved
expanded_candidate_source_review__candidate_source_license_independence_review.csv,24,24,mushroom,eligible,passed_all_gates,https://archive.ics.uci.edu/dataset/73/mushroom,"UCI documents 8,124 hypothetical mushroom records and CC BY 4.0.",Other unresolved
combined_source_review__provisionally_eligible.csv,29,29,credit-approval,eligible,permissive_cc_by_4_0,https://archive.ics.uci.edu/ml/datasets/credit+approval,,Other unresolved
combined_source_review__provisionally_eligible.csv,3,3,kr-vs-kp,eligible,permissive_cc_by_4_0,https://archive.ics.uci.edu/ml/datasets/Chess+(King-Rook+vs.+King-Pawn),,Other unresolved
combined_source_review__provisionally_eligible.csv,3021,38,sick,eligible,permissive_cc_by_4_0,https://archive.ics.uci.edu/ml/datasets/thyroid+disease,,Other unresolved
combined_source_review__provisionally_eligible.csv,31,31,credit-g,eligible,permissive_cc_by_4_0,https://archive.ics.uci.edu/ml/datasets/statlog+(german+credit+data),,Other unresolved
expanded_candidate_source_review__candidate_source_license_independence_review.csv,3492,333,monks-problems-1,eligible,passed_all_gates,https://archive.ics.uci.edu/dataset/70/monk+s+problems,Representative retained for the single MONK source domain.,Other unresolved
openml_active_classification_pool__remaining_domain_round2__final_candidate_review.csv,361642,42178,telco-customer-churn,eligible,passed_with_identifier_sanitation,https://github.com/IBM/telco-customer-churn-on-icp4d,The IBM repository supplies the exact dataset and Apache-2.0 terms; one customer per row and customerID is already ignored by OpenML.,Other unresolved
openml_active_classification_pool__source_review__source_license_independence_review.csv,361677,45558,Pulsar-Dataset-HTRU2,eligible,passed_all_gates,https://archive.ics.uci.edu/dataset/372/htru2,"UCI states that candidates occupy separate rows; the task uses eight tabular summary variables, not raw signal arrays.",Other unresolved
openml_active_classification_pool__remaining_domain_round2__final_candidate_review.csv,362459,43980,wine,eligible,passed_all_gates,https://archive.ics.uci.edu/dataset/186/wine+quality,One physicochemical/sensory record per wine sample; the canonical UCI release is CC BY 4.0.,Other unresolved
openml_active_classification_pool__deep_source_review__candidate_source_license_independence_review.csv,363229,46173,King-rook-vs-King,eligible,passed_all_gates,https://archive.ics.uci.edu/dataset/23/chess+king+rook+vs+king,Complete enumerated KRK positions; distinct original domain from the already-approved KR-vs-KP database.,Other unresolved
openml_active_classification_pool__source_review__source_license_independence_review.csv,363402,46584,Student_Performance_on_an_Entrance_Examination,eligible,passed_all_gates,https://archive.ics.uci.edu/dataset/582/student+performance+on+an+entrance+examination,UCI describes candidates who qualified in one examination year; each row is a candidate record.,Other unresolved
openml_active_classification_pool__source_review__source_license_independence_review.csv,363441,46733,diabetes_risk_prediction_dataset,eligible,passed_all_gates,https://archive.ics.uci.edu/dataset/529/early+stage+diabetes+risk+prediction+dataset,The OpenML copy traces to the UCI patient-questionnaire dataset; UCI documents 520 hospital patients.,Other unresolved
openml_active_classification_pool__followup_source_review__followup_candidate_review.csv,363462,46764,football-player-position,eligible,passed_all_gates,https://github.com/TRR318/pub-msl,The originating paper and repository introduce the dataset; one active professional player per row with career aggregates and a single primary position.,Other unresolved
openml_active_classification_pool__deep_source_review__candidate_source_license_independence_review.csv,363543,46827,QSAR_Bioconcentration_classification,eligible,passed_all_gates,https://archive.ics.uci.edu/dataset/510/qsar+bioconcentration+classes+dataset,One chemically distinct compound per row; logBCF is not retained as a predictor.,Other unresolved
openml_active_classification_pool__deep_source_review__candidate_source_license_independence_review.csv,363555,46846,glioma_grading_clinical_and_mutation_features,eligible,passed_all_gates,https://archive.ics.uci.edu/dataset/759/glioma+grading+clinical+and+mutation+features+dataset,"One patient per row; Case_ID, Project, and Primary_Diagnosis removed by the documented preprocessing.",Other unresolved
combined_source_review__provisionally_eligible.csv,363616,46908,APSFailure,eligible,permissive_cc_by_4_0,https://doi.org/10.24432/C5V60Q,,Other unresolved
combined_source_review__provisionally_eligible.csv,363623,46915,churn,eligible,permissive_mit,https://www.openml.org/d/40701,,Other unresolved
combined_source_review__provisionally_eligible.csv,363624,46916,coil2000_insurance_policies,eligible,permissive_cc_by_4_0,https://doi.org/10.24432/C5630S,,Other unresolved
combined_source_review__provisionally_eligible.csv,363627,46919,credit_card_clients_default,eligible,permissive_cc_by_4_0,https://doi.org/10.24432/C55S3H,,Other unresolved
combined_source_review__provisionally_eligible.csv,363630,46922,Diabetes130US,eligible,permissive_cc_by_4_0,https://doi.org/10.24432/C5230J,,Other unresolved
combined_source_review__provisionally_eligible.csv,363674,46930,hazelnut-spread-contaminant-detection,eligible,permissive_cc_by_sa,https://www.openml.org/d/45538,,Other unresolved
combined_source_review__provisionally_eligible.csv,363679,46935,HR_Analytics_Job_Change_of_Data_Scientists,eligible,permissive_cc0,https://www.kaggle.com/datasets/arashnic/hr-analytics-job-change-of-data-scientists,,Other unresolved
combined_source_review__provisionally_eligible.csv,363682,46938,Is-this-a-good-customer,eligible,permissive_cc0,https://www.kaggle.com/datasets/podsyp/is-this-a-good-customer,,Other unresolved
combined_source_review__provisionally_eligible.csv,363685,46941,maternal_health_risk,eligible,permissive_cc_by_4_0,https://doi.org/10.24432/C5DP5D,,Other unresolved
combined_source_review__provisionally_eligible.csv,363689,46969,NATICUSdroid,eligible,permissive_cc_by_4_0,https://doi.org/10.24432/C5FS64,,Other unresolved
combined_source_review__provisionally_eligible.csv,363691,46947,online_shoppers_intention,eligible,permissive_cc_by_4_0,https://doi.org/10.24432/C5F88Q,,Other unresolved
combined_source_review__provisionally_eligible.csv,363694,46950,polish_companies_bankruptcy,eligible,permissive_cc_by_4_0,https://doi.org/10.24432/C5F600,,Other unresolved
combined_source_review__provisionally_eligible.csv,363704,46960,students_dropout_and_academic_success,eligible,permissive_cc_by_4_0,https://doi.org/10.24432/C5MC89,,Other unresolved
combined_source_review__provisionally_eligible.csv,363706,46962,taiwanese_bankruptcy_prediction,eligible,permissive_cc_by_4_0,https://doi.org/10.24432/C5004D,,Other unresolved
combined_source_review__provisionally_eligible.csv,37,37,diabetes,eligible,permissive_cc_by_4_0,https://archive.ics.uci.edu/ml/datasets/pima+indians+diabetes,,Other unresolved
openml_active_classification_pool__remaining_domain_round3__final_candidate_review.csv,3886,1023,soybean,eligible,passed_all_gates,https://archive.ics.uci.edu/dataset/90/soybean+large,"The 683-row OpenML version combines the canonical train/test case files, retains the 35 diagnostic attributes, replaces rather than exposes the original class, and inherits UCI CC BY 4.0.",Other unresolved
combined_source_review__provisionally_eligible.csv,45,46,splice,eligible,permissive_cc_by_4_0,https://archive.ics.uci.edu/dataset/69/molecular+biology+splice+junction+gene+sequences,,Other unresolved
combined_source_review__provisionally_eligible.csv,49,50,tic-tac-toe,eligible,permissive_cc_by_4_0,https://archive.ics.uci.edu/ml/datasets/Tic-Tac-Toe+Endgame,,Other unresolved
combined_source_review__provisionally_eligible.csv,7592,1590,adult,eligible,permissive_cc_by_4_0,https://archive.ics.uci.edu/ml/datasets/adult,,Other unresolved
openml_active_classification_pool__source_review__source_license_independence_review.csv,9892,1568,nursery,eligible,passed_all_gates,https://archive.ics.uci.edu/dataset/76/nursery,Four-class OpenML version traces to the UCI hierarchical-decision-model records and contains no resampling.,Other unresolved
combined_source_review__provisionally_eligible.csv,9957,1494,qsar-biodeg,eligible,permissive_cc_by_4_0,https://archive.ics.uci.edu/dataset/254/qsar+biodegradation,,Other unresolved
combined_source_review__provisionally_eligible.csv,9971,1480,ilpd,eligible,permissive_cc_by_4_0,https://archive.ics.uci.edu/dataset/225/ilpd+indian+liver+patient+dataset,,Other unresolved
combined_source_review__provisionally_eligible.csv,9976,1485,madelon,eligible,permissive_cc_by_4_0,https://archive.ics.uci.edu/dataset/171/madelon,,Other unresolved
combined_source_review__provisionally_eligible.csv,9985,1475,first-order-theorem-proving,eligible,permissive_cc_by_4_0,https://archive.ics.uci.edu/dataset/249/first+order+theorem+proving,,Other unresolved
openml_active_classification_pool__followup_source_review__followup_candidate_review.csv,362405,43893,ibm-employee-attrition,eligible,passed_with_preregistered_identifier_sanction,https://github.com/IBM/employee-attrition-aif360,One synthetic employee per row; IBM archives the dataset workflow and its ODbL/DbCL licence. Identifier and constants must be dropped before splitting.,Provenance/license
openml_active_classification_pool__source_review__source_license_independence_review.csv,362103,46298,electrical_grid_stability_simulated_classification,eligible,passed_all_gates,https://archive.ics.uci.edu/dataset/471/electrical+grid+stability+simulated+data,Each row is a separately evaluated input-value set for the fixed four-node system; target is the documented stability label.,Target/identifier leakage
openml_active_classification_pool__remaining_domain_round2__final_candidate_review.csv,362416,43925,eucalyptus,eligible,passed_all_gates,https://rdrr.io/rforge/AppliedPredictiveModeling/man/jobScheduling.html,"The source defines 4,331 independent computational jobs with seven pre-execution attributes and one execution-class target.",Target/identifier leakage
openml_active_classification_pool__source_review__source_license_independence_review.csv,9900,1557,abalone,eligible,passed_all_gates,https://archive.ics.uci.edu/dataset/1/abalone,OpenML uses a deterministic three-class version of the UCI Rings target; physical specimen records remain unchanged.,Target/identifier leakage
expanded_candidate_source_review__candidate_source_license_independence_review.csv,58,60,waveform-5000,eligible,passed_all_gates,https://archive.ics.uci.edu/dataset/108/waveform+database+generator+version+2,"UCI classifies this as Multivariate/Data-Generator, not a longitudinal sample collection.",Temporal dependence
expanded_candidate_source_review__candidate_source_license_independence_review.csv,125923,40509,Australian,excluded,duplicate_prior_source,https://archive.ics.uci.edu/dataset/143/statlog+australian+credit+approval,Same underlying Australian Credit Approval source already represented by prior eligible credit-approval.,Duplicate/source overlap
openml_active_classification_pool__remaining_domain_round3__final_candidate_review.csv,146818,40981,Australian,excluded,duplicate_approved_credit_application_source,https://archive.ics.uci.edu/dataset/143/statlog+australian+credit+approval,The OpenML description explicitly states that this is derived from already approved credit-approval task 29; imputation provenance is also unclear.,Duplicate/source overlap
expanded_candidate_source_review__candidate_source_license_independence_review.csv,189922,41158,gina,excluded,duplicate_source,https://automl.chalearn.org/data,Same GINA source family as task 3891; additionally image-derived.,Duplicate/source overlap
expanded_candidate_source_review__candidate_source_license_independence_review.csv,190411,41156,ada,excluded,duplicate_source,https://automl.chalearn.org/data,Same ADA source family as task 3896; the representative remains blocked.,Duplicate/source overlap
expanded_candidate_source_review__candidate_source_license_independence_review.csv,3493,334,monks-problems-2,excluded,duplicate_source,https://archive.ics.uci.edu/dataset/70/monk+s+problems,MONK-2 is one of three artificial problems over the same attribute space; MONK-1 represents the domain.,Duplicate/source overlap
expanded_candidate_source_review__candidate_source_license_independence_review.csv,3494,335,monks-problems-3,excluded,duplicate_source,https://archive.ics.uci.edu/dataset/70/monk+s+problems,MONK-3 is one of three artificial problems over the same attribute space; MONK-1 represents the domain.,Duplicate/source overlap
openml_active_classification_pool__remaining_domain_round2__final_candidate_review.csv,362569,44232,UCI_churn,excluded,duplicate_approved_source_domain,https://modeldata.tidymodels.org/reference/mlc_churn.html,"This is the same MLC++ churn source already represented by approved task 363623, so it cannot add a new source domain.",Duplicate/source overlap
openml_active_classification_pool__deep_source_review__candidate_source_license_independence_review.csv,363654,46948,PhishingWebsites,excluded,duplicate_feature_rows_without_group_ids,https://archive.ics.uci.edu/dataset/327/phishing+websites,TabArena metadata reports 47% duplicate feature rows.,Duplicate/source overlap
openml_active_classification_pool__deep_source_review__candidate_source_license_independence_review.csv,363669,46963,website_phishing,excluded,duplicate_feature_rows_without_group_ids,https://archive.ics.uci.edu/dataset/379/website+phishing,TabArena metadata reports about 50% duplicate feature rows.,Duplicate/source overlap
openml_active_classification_pool__source_review__source_license_independence_review.csv,146817,40982,steel-plates-fault,excluded,image_origin,,Steel fault features include image-region/luminosity measurements; previously reviewed.,Image/text-derived
expanded_candidate_source_review__candidate_source_license_independence_review.csv,14964,1459,artificial-characters,excluded,image_origin,https://archive.ics.uci.edu/dataset/6/artificial+characters,Artificial character structures were produced from segmented images.,Image/text-derived
expanded_candidate_source_review__candidate_source_license_independence_review.csv,3485,312,scene,excluded,image_origin,https://www.rose-hulman.edu/~boutell/publications/boutell04PRmultilabel.pdf,Features originate from scene images; the source also describes mirrored image variants.,Image/text-derived
expanded_candidate_source_review__candidate_source_license_independence_review.csv,359975,40900,Satellite,excluded,image_origin,https://dataverse.harvard.edu/dataset.xhtml?persistentId=doi:10.7910/DVN/OPQMVF,The canonical source is explicitly satellite imagery-derived.,Image/text-derived
openml_active_classification_pool__source_review__source_license_independence_review.csv,361660,45557,Mammographic-Mass-Data-Set,excluded,image_origin,,BI-RADS mass attributes originate from mammograms.,Image/text-derived
openml_active_classification_pool__deep_source_review__candidate_source_license_independence_review.csv,363365,46652,news_channel,excluded,text_origin,https://archive.ics.uci.edu/dataset/332/online+news+popularity,Article text/title-derived task; outside the preregistered native-tabular origin gate.,Image/text-derived
openml_active_classification_pool__remaining_domain_round4__final_candidate_review.csv,363536,46819,WBCAtt,excluded,image_origin_and_nonindependent_units,,"WBCAtt consists of image annotations, not native tabular measurements; image/cell grouping cannot support the fixed IID protocol.",Image/text-derived
openml_active_classification_pool__deep_source_review__candidate_source_license_independence_review.csv,363713,46981,regensburg_pediatric_appendicitis,excluded,image_origin_and_patient_grouping,https://archive.ics.uci.edu/dataset/938/regensburg+pediatric+appendicitis,Mixed image/tabular source with multiple ultrasound views per patient.,Image/text-derived
openml_active_classification_pool__remaining_domain_round3__final_candidate_review.csv,3850,987,collins,excluded,text_origin_derived_features,https://www.openml.org/d/987,The predictors are linguistic features extracted from texts; this violates the fixed native-tabular origin gate.,Image/text-derived
expanded_candidate_source_review__candidate_source_license_independence_review.csv,3891,1038,gina_agnostic,excluded,image_origin,https://www.agnostic.inf.ethz.ch/datasets.php,GINA is an image-derived digit-recognition challenge representation.,Image/text-derived
openml_active_classification_pool__deep_source_review__candidate_source_license_independence_review.csv,3954,1120,MagicTelescope,excluded,image_origin,https://archive.ics.uci.edu/dataset/159/magic+gamma+telescope,Features summarize shower images; outside native-tabular origin gate.,Image/text-derived
openml_active_classification_pool__remaining_domain_round2__final_candidate_review.csv,125966,40536,SpeedDating,excluded,repeated_participant_dyads,https://www.openml.org/d/40536,Speed-dating rows repeatedly reuse the same participants across dyads.,Non-IID/grouped units
expanded_candidate_source_review__candidate_source_license_independence_review.csv,146607,40536,SpeedDating,excluded,non_independent_dyads,https://www.openml.org/d/40536,"8,378 dates reuse about 552 participants across 21 waves; rows are not independent observational units.",Non-IID/grouped units
expanded_candidate_source_review__candidate_source_license_independence_review.csv,359992,42733,Click_prediction_small,excluded,grouped_without_ids,https://www.openml.org/d/1220,Source description defines search sessions and user/query context; independent row sampling is not established.,Non-IID/grouped units
openml_active_classification_pool__followup_source_review__followup_candidate_review.csv,362296,42738,open_payments,excluded,non_independent_repeated_entities_without_group_ids,https://openpaymentsdata.cms.gov/datasets,"Payment rows repeat manufacturers, physicians, and products; identifiers needed for group splitting are absent.",Non-IID/grouped units
openml_active_classification_pool__followup_source_review__followup_candidate_review.csv,363613,46905,Amazon_employee_access,excluded,crossed_employee_resource_manager_groups,https://www.kaggle.com/c/amazon-employee-access-challenge,"Rows share resources, managers, departments, roles, and likely employees; no admissible group identifier is retained.",Non-IID/grouped units
openml_active_classification_pool__deep_source_review__candidate_source_license_independence_review.csv,363644,46937,in_vehicle_coupon_recommendation,excluded,repeated_respondent_scenarios,https://archive.ics.uci.edu/dataset/603/in+vehicle+coupon+recommendation,Twenty scenarios per participant without a retained respondent ID.,Non-IID/grouped units
openml_active_classification_pool__remaining_domain_round3__final_candidate_review.csv,3691,826,sensory,excluded,repeated_judges_and_sittings,https://www.openml.org/d/826,"Rows cross repeated judges, sittings, positions, and experimental layouts, violating the independent-row gate.",Non-IID/grouped units
openml_active_classification_pool__remaining_domain_round3__final_candidate_review.csv,3786,923,visualizing_soil,excluded,spatially_dependent_soil_grid,https://www.openml.org/d/923,Spatially adjacent soil observations with explicit coordinates are not independent under random splitting.,Non-IID/grouped units
openml_active_classification_pool__remaining_domain_round2__final_candidate_review.csv,7295,1220,Click_prediction_small,excluded,crossed_user_ad_query_groups,https://www.openml.org/d/1220,"Rows share users, ads, advertisers, and queries without a valid independent-row split.",Non-IID/grouped units
openml_active_classification_pool__remaining_domain_round2__final_candidate_review.csv,9977,1486,nomao,excluded,repeated_entity_pairs_without_group_split,https://www.openml.org/d/1486,Entity-matching rows reuse underlying entities across candidate pairs.,Non-IID/grouped units
openml_active_classification_pool__source_review__source_license_independence_review.csv,14952,4534,PhishingWebsites,excluded,text_or_web_origin,,Features are extracted from webpage and URL content; previously reviewed.,Other unresolved
openml_active_classification_pool__remaining_domain_round2__final_candidate_review.csv,190409,41440,okcupid-stem,excluded,sensitive_profile_data_outside_scope,https://github.com/rudeboybert/JSE_OkCupid,Dating-profile attributes are outside the study scope and the transformation/reuse grant is not sufficiently clear for redistribution.,Other unresolved
openml_active_classification_pool__followup_source_review__followup_candidate_review.csv,362379,43607,WMO-Hurricane-Survival-Dataset,excluded,canonical_source_and_generation_unverifiable,https://www.openml.org/d/43607,No original WMO record or generator is cited; the lifestyle/survival construction cannot be audited.,Other unresolved
openml_active_classification_pool__remaining_domain_round2__final_candidate_review.csv,362084,46282,internet_usage,excluded,all_rights_reserved,https://www.openml.org/d/46282,The official OpenML metadata states copyright/all rights reserved.,Provenance/license
openml_active_classification_pool__remaining_domain_round4__final_candidate_review.csv,363446,46745,Advanced_IoT_Dataset,excluded,license_incompatible_and_group_identifiers,,CC BY-ND does not permit the transformed benchmark redistribution; device/session grouping is also unresolved.,Provenance/license
openml_active_classification_pool__deep_source_review__candidate_source_license_independence_review.csv,363403,46597,Estimation_of_Obesity_Levels,excluded,synthetic_oversampling_dependence,https://archive.ics.uci.edu/dataset/544/estimation+of+obesity+levels+based+on+eating+habits+and+physical+condition,The source documents that 77% of rows were synthetically generated with Weka/SMOTE.,Synthetic/dependence
openml_active_classification_pool__remaining_domain_round2__final_candidate_review.csv,146214,40687,solar-flare,excluded,alternate_outcome_target_leakage,https://www.openml.org/d/40687,Future flare-production outcomes remain active inputs to the selected target.,Target/identifier leakage
openml_active_classification_pool__remaining_domain_round4__final_candidate_review.csv,211719,42345,Traffic_violations,excluded,target_semantic_and_entity_leakage,,"Violation description/charge/arrest fields nearly disclose violation type; repeated drivers, vehicles, and events cannot be grouped.",Target/identifier leakage
openml_active_classification_pool__remaining_domain_round4__final_candidate_review.csv,361814,45449,timing-attack-dataset-1-micro-seconds-delay-2022-09-01,excluded,session_identifier_and_timing_leakage,,Packet/flow rows are dependent and timing/sequence fields encode the attack construction.,Target/identifier leakage
openml_active_classification_pool__remaining_domain_round4__final_candidate_review.csv,362061,45918,padding-attack-dataset-cisco-2023-12-04,excluded,session_identifier_and_timing_leakage,,Packet rows are grouped by flows and timing/sequence features encode the padding-attack construction; it cannot be a second independent source family.,Target/identifier leakage
openml_active_classification_pool__remaining_domain_round4__final_candidate_review.csv,362158,46358,Fraud-Detection-Updated),excluded,post_outcome_target_leakage,,Overdue-event fields and delinquency history leak the bad-account outcome; canonical provenance is also absent.,Target/identifier leakage
openml_active_classification_pool__remaining_domain_round4__final_candidate_review.csv,362162,46361,Risk_Level_Classification,excluded,direct_target_leakage,,The active risk score directly determines or proxies the anomaly target.,Target/identifier leakage
openml_active_classification_pool__remaining_domain_round4__final_candidate_review.csv,362178,46382,company_quality_and_valuation_finance,excluded,deterministic_score_target_leakage,,The target total score is constructed from active financial component variables; company is an entity identifier.,Target/identifier leakage
openml_active_classification_pool__followup_source_review__followup_candidate_review.csv,362297,42768,Midwest_survey,excluded,deterministic_geography_target_leakage,https://github.com/fivethirtyeight/data/tree/master/region-survey,Census_Region is deterministically recoverable from the retained home ZIP code.,Target/identifier leakage
openml_active_classification_pool__remaining_domain_round2__final_candidate_review.csv,362575,44257,anneal,excluded,target_leakage_original_class_active,https://archive.ics.uci.edu/dataset/3/annealing,The task predicts shape while the original class label remains an active predictor.,Target/identifier leakage
openml_active_classification_pool__remaining_domain_round4__final_candidate_review.csv,363131,45714,PriceRunner,excluded,direct_target_text_and_cluster_leakage,,category_id directly discloses category_label; products repeat clusters and include text-derived identity.,Target/identifier leakage
openml_active_classification_pool__remaining_domain_round2__final_candidate_review.csv,363147,45968,BraidFlowSessionLevel,excluded,overlapping_windows_group_leakage_and_target_derived_features,https://www.openml.org/d/45968,Repeated subjects and overlapping windows coexist with survey-derived scores among active features.,Target/identifier leakage
openml_active_classification_pool__remaining_domain_round4__final_candidate_review.csv,363450,46752,student_lifestyle_dataset,excluded,deterministic_target_and_identifier_leakage,,"The description says Stress_Level is derived from study and sleep hours, both retained as predictors; Student_ID is active.",Target/identifier leakage
openml_active_classification_pool__remaining_domain_round2__final_candidate_review.csv,363499,46792,LICD,excluded,grouped_inspections_and_alternate_target_leakage,https://dataverse.no/dataset.xhtml?persistentId=doi:10.18710/7U6TZP,"Inspection records repeat organizations, while checklist fields encode an alternate prediction target.",Target/identifier leakage
openml_active_classification_pool__followup_source_review__followup_candidate_review.csv,363571,46860,Support2,excluded,post_outcome_target_leakage,https://archive.ics.uci.edu/dataset/880/support2,"OpenML marks multiple death, survival, follow-up, and post-entry resource variables as ordinary model inputs for target death.",Target/identifier leakage
openml_active_classification_pool__remaining_domain_round4__final_candidate_review.csv,363590,46880,air-quality-and-pollution-assessment,excluded,deterministic_threshold_target_leakage,,"Air-quality class is derived from pollutant inputs, so the benchmark would reward reconstruction of the labeling rule.",Target/identifier leakage
openml_active_classification_pool__remaining_domain_round4__final_candidate_review.csv,363591,46881,melbourne_airbnb,excluded,direct_target_and_entity_leakage,,Raw price directly leaks price_label; listings repeat hosts and contain high-cardinality text/URLs.,Target/identifier leakage
openml_active_classification_pool__remaining_domain_round3__final_candidate_review.csv,3688,823,houses,excluded,derived_geographic_target_and_spatial_dependence,https://www.openml.org/d/823,The arbitrary binary target is derived from a housing geography variable and spatially adjacent census blocks are dependent.,Target/identifier leakage
openml_active_classification_pool__remaining_domain_round3__final_candidate_review.csv,3690,825,boston_corrected,excluded,derived_target_with_location_and_record_identifiers,https://www.openml.org/d/825,"A transformed binary target coexists with record/geographic identifiers and alternate housing outcomes, making the task leakage-prone.",Target/identifier leakage
openml_active_classification_pool__remaining_domain_round3__final_candidate_review.csv,3777,914,balloon,excluded,opaque_raw_predictor_and_target_derivation,https://www.openml.org/d/914,The task retains one opaque raw field and does not make the numeric-to-binary target derivation auditable.,Target/identifier leakage
openml_active_classification_pool__source_review__source_license_independence_review.csv,2079,188,eucalyptus,excluded,grouped_without_safe_iid_unit,,Eucalyptus trials contain site and replicate structure and changed protocols over time.,Temporal dependence
expanded_candidate_source_review__candidate_source_license_independence_review.csv,3510,375,JapaneseVowels,excluded,time_series,https://archive.ics.uci.edu/dataset/128/japanese+vowels,Nine speakers contribute repeated utterance time series; row independence is not valid.,Temporal dependence
expanded_candidate_source_review__candidate_source_license_independence_review.csv,3512,377,synthetic_control,excluded,time_series,https://archive.ics.uci.edu/dataset/139/synthetic+control+chart+time+series,Official source explicitly identifies control-chart time series.,Temporal dependence
openml_active_classification_pool__remaining_domain_round3__final_candidate_review.csv,3594,728,analcatdata_supreme,excluded,time_ordered_judicial_decisions,https://www.openml.org/d/728,Supreme Court decisions span 1953-1988; a random IID split leaks temporal regime and the old transformed release has no defensible time split.,Temporal dependence
openml_active_classification_pool__remaining_domain_round2__final_candidate_review.csv,361983,45711,doa_bwin,excluded,target_window_and_temporal_leakage_unresolved,https://www.thetransparencyproject.org/Availabledataset,One-month and 24-month gambling windows are mixed around the dependent variable; leakage-safe temporal ordering is not established.,Temporal dependence
openml_active_classification_pool__followup_source_review__followup_candidate_review.csv,362375,43551,Employee-Turnover-at-TECHCO,excluded,grouped_panel_without_retained_employee_id,https://www.openml.org/d/43551,"34,453 monthly observations come from only 1,191 employees; emp_id is ignored, preventing leakage-safe group splits.",Temporal dependence
openml_active_classification_pool__followup_source_review__followup_candidate_review.csv,363457,46760,Indicators_of_Anxiety_or_Depression,excluded,repeated_time_by_demographic_aggregate_rows,https://www.cdc.gov/nchs/covid19/pulse/mental-health.htm,"Rows are weekly estimates for repeated states/demographic subgroups, not independent individuals.",Temporal dependence
openml_active_classification_pool__deep_source_review__candidate_source_license_independence_review.csv,363564,46850,hepatitis_c_virus_hcv_for_egyptian_patients,excluded,post_baseline_temporal_leakage,https://archive.ics.uci.edu/dataset/503/hepatitis+c+virus+hcv+for+egyptian+patients,Predictors include measurements after baseline/treatment while the target is baseline staging.,Temporal dependence
openml_active_classification_pool__remaining_domain_round3__final_candidate_review.csv,3636,770,strikes,excluded,country_year_panel_dependence,https://www.openml.org/d/770,"Rows repeatedly observe countries across years, so ordinary row splits cross both country and time groups.",Temporal dependence
openml_active_classification_pool__followup_source_review__followup_candidate_review.csv,363643,46936,internet_firewall,excluded,dependent_firewall_log_events_without_group_ids,https://archive.ics.uci.edu/dataset/542/internet+firewall+data,Rows are university firewall traffic records; session/host/time grouping identifiers are unavailable.,Temporal dependence
openml_active_classification_pool__deep_source_review__candidate_source_license_independence_review.csv,363662,46956,seismic-bumps,excluded,time_ordered_monitoring_events,https://archive.ics.uci.edu/dataset/266/seismic+bumps,Sequential mine-monitoring observations violate the IID sample-unit gate.,Temporal dependence
openml_active_classification_pool__deep_source_review__candidate_source_license_independence_review.csv,3899,1046,mozilla4,excluded,grouped_longitudinal_observations,https://www.openml.org/d/1046,"Explicit CC BY-SA is sufficient, but rows are repeated modifications of the same C++ class over time.",Temporal dependence
expanded_candidate_source_review__candidate_source_license_independence_review.csv,9968,1505,tamilnadu-electricity,excluded,time_series,https://www.openml.org/d/1505,Description identifies real-time electricity readings; independent row sampling is not defensible.,Temporal dependence
expanded_candidate_source_review__candidate_source_license_independence_review.csv,9970,1479,hill-valley,excluded,time_series,https://archive.ics.uci.edu/dataset/166/hill+valley,Each record is 100 ordered points on a graph and is officially described as sequential.,Temporal dependence
expanded_candidate_source_review__candidate_source_license_independence_review.csv,9983,1471,eeg-eye-state,excluded,time_series,https://archive.ics.uci.edu/dataset/264/eeg+eye+state,Rows are sequential measurements from one continuous EEG recording.,Temporal dependence
expanded_candidate_source_review__candidate_source_license_independence_review.csv,9986,1476,gas-drift,excluded,time_series,https://archive.ics.uci.edu/dataset/224/gas+sensor+array+drift+dataset,Temporal drift batches violate the origin gate; source text also restricts use to research.,Temporal dependence
